{
  "project_info": {
    "project_number": "1076997273323",
    "project_id": "practicafinaljose-11bf8",
    "storage_bucket": "practicafinaljose-11bf8.appspot.com"
  },
  "client": [
    {
      "client_info": {
        "mobilesdk_app_id": "1:1076997273323:android:8c12c14d321d1417fe70ae",
        "android_client_info": {
          "package_name": "com.example.practicafinaljose"
        }
      },
      "oauth_client": [
        {
          "client_id": "1076997273323-jhdai70v48ntia7uehq30ic3jp8cv7g0.apps.googleusercontent.com",
          "client_type": 3
        }
      ],
      "api_key": [
        {
          "current_key": "AIzaSyBAzYKeE1UQPx6Xy_1eVAV-6Rwm-XHHVNY"
        }
      ],
      "services": {
        "appinvite_service": {
          "other_platform_oauth_client": [
            {
              "client_id": "1076997273323-jhdai70v48ntia7uehq30ic3jp8cv7g0.apps.googleusercontent.com",
              "client_type": 3
            }
          ]
        }
      }
    }
  ],
  "configuration_version": "1"
}